"Date","Time","Matchup","Platform"
"02/10/2026","01:15","Pittsburgh Steelers @ Cleveland Browns","DAZN + Sky Sports"
"04/10/2026","14:30","Indianapolis Colts @ Washington Commanders","DAZN + Sky Sports + Channel 5"
"04/10/2026","18:00","Los Angeles Rams @ Philadelphia Eagles","Sky Sports"
"04/10/2026","18:00","New England Patriots @ Buffalo Bills","DAZN + Channel 5"
"04/10/2026","18:00","Dallas Cowboys @ Houston Texans","DAZN + Sky Sports"
"04/10/2026","18:00","New York Jets @ Chicago Bears","DAZN"
"04/10/2026","18:00","Tennessee Titans @ Baltimore Ravens","DAZN"
"04/10/2026","18:00","Jacksonville Jaguars @ Cincinnati Bengals","DAZN"
"04/10/2026","18:00","Arizona Cardinals @ New York Giants","DAZN"
"04/10/2026","18:00","Green Bay Packers @ Tampa Bay Buccaneers","DAZN"
"04/10/2026","21:05","Miami Dolphins @ Minnesota Vikings","DAZN"
"04/10/2026","21:25","Denver Broncos @ San Francisco 49ers","DAZN + Sky Sports, Channel 5"
"04/10/2026","21:25","Kansas City Chiefs @ Las Vegas Raiders","DAZN + Sky Sports"
"04/10/2026","21:25","Los Angeles Chargers @ Seattle Seahawks","DAZN + Sky Sports"
"05/10/2026","01:20","Detroit Lions @ Carolina Panthers","DAZN + Sky Sports"
"06/10/2026","01:15","Atlanta Falcons @ New Orleans Saints","DAZN + Sky Sports"
